{"type":"Sprite","props":{"y":0,"x":0,"width":500,"var":"coat","texture":"comp/大衣1.png","text":"TextArea","scaleY":0.4,"scaleX":0.4,"presetID":1,"name":"coat","isPresetRoot":true,"height":500},"compId":40,"child":[{"type":"Script","props":{"y":-663,"x":-998,"presetID":2,"linearVelocity":[0],"gravityScale":0,"allowRotation":false,"runtime":"laya.physics.RigidBody"},"compId":41},{"type":"Script","props":{"y":35,"x":129,"width":268,"presetID":3,"height":431,"runtime":"laya.physics.BoxCollider"},"compId":42},{"type":"Script","props":{"presetID":4,"runtime":"script/Item.ts"},"compId":43}],"loadList":["comp/大衣1.png"],"loadList3D":[]}