{"type":"Sprite","props":{"y":0,"x":0,"width":500,"var":"cup","texture":"comp/保温杯1.png","text":"TextArea","scaleY":0.2,"scaleX":0.2,"presetID":1,"name":"cup","isPresetRoot":true,"height":500},"compId":5,"child":[{"type":"Script","props":{"y":54,"x":186,"width":137,"presetID":2,"height":391,"runtime":"laya.physics.BoxCollider"},"compId":7},{"type":"Script","props":{"y":-224,"x":-662,"type":"dynamic","presetID":3,"linearVelocity":[0],"gravityScale":0,"angularVelocity":0,"allowRotation":false,"runtime":"laya.physics.RigidBody"},"compId":8},{"type":"Script","props":{"presetID":4,"runtime":"script/Item.ts"},"compId":9}],"loadList":["comp/保温杯1.png"],"loadList3D":[]}