{"type":"Sprite","props":{"y":0,"x":0,"texture":"test/b1.png","presetID":1,"isPresetRoot":true},"compId":153,"child":[{"type":"Sprite","props":{"y":13,"x":9,"var":"lostItem","texture":"test/block.png","presetID":2,"name":"lostItem"},"compId":154},{"type":"Label","props":{"y":19,"x":36,"var":"timeleft","text":"耐心：100","presetID":3,"name":"timeleft"},"compId":155},{"type":"Script","props":{"presetID":4,"runtime":"script/Customer.ts"},"compId":156}],"loadList":["test/b1.png","test/block.png"],"loadList3D":[]}