{"type":"Sprite","props":{"y":0,"x":0,"width":500,"var":"luggage","texture":"comp/行李箱1.png","text":"TextArea","scaleY":0.4,"scaleX":0.4,"presetID":1,"name":"luggage","isPresetRoot":true,"height":500},"compId":40,"child":[{"type":"Script","props":{"y":-663,"x":-998,"presetID":2,"linearVelocity":[0],"gravityScale":0,"allowRotation":false,"runtime":"laya.physics.RigidBody"},"compId":41},{"type":"Script","props":{"y":141,"x":129,"width":234,"presetID":3,"height":327,"runtime":"laya.physics.BoxCollider"},"compId":42},{"type":"Script","props":{"presetID":4,"runtime":"script/Item.ts"},"compId":43},{"type":"Script","props":{"y":23,"x":199,"width":92,"presetID":5,"height":118,"runtime":"laya.physics.BoxCollider"},"compId":45}],"loadList":["comp/行李箱1.png"],"loadList3D":[]}