{"type":"Sprite","props":{"y":0,"x":0,"width":500,"var":"plug","texture":"comp/充电线.png","text":"TextArea","scaleY":0.3,"scaleX":0.3,"presetID":1,"name":"plug","isPresetRoot":true,"height":500},"compId":6,"child":[{"type":"Script","props":{"y":-663,"x":-998,"presetID":2,"linearVelocity":[0],"gravityScale":0,"allowRotation":false,"runtime":"laya.physics.RigidBody"},"compId":10},{"type":"Script","props":{"y":122,"x":113,"width":299,"presetID":3,"height":270,"runtime":"laya.physics.BoxCollider"},"compId":9},{"type":"Script","props":{"presetID":4,"runtime":"script/Item.ts"},"compId":11}],"loadList":["comp/充电线.png"],"loadList3D":[]}