{"type":"Sprite","props":{"y":0,"x":0,"width":159,"var":"s1","texture":"comp/hslider.png","text":"TextArea","presetID":1,"name":"s1","isPresetRoot":true,"height":65},"compId":5,"child":[{"type":"Script","props":{"y":0,"x":0,"width":159,"presetID":2,"height":65,"runtime":"laya.physics.BoxCollider"},"compId":7},{"type":"Script","props":{"y":-224,"x":-662,"type":"dynamic","presetID":3,"linearVelocity":[0],"gravityScale":0,"angularVelocity":0,"allowRotation":false,"runtime":"laya.physics.RigidBody"},"compId":8},{"type":"Script","props":{"presetID":4,"runtime":"script/Item.ts"},"compId":9}],"loadList":["comp/hslider.png"],"loadList3D":[]}