{"type":"Sprite","props":{"y":0,"x":0,"width":165,"var":"s2","texture":"comp/textarea.png","text":"TextArea","presetID":1,"name":"s2","isPresetRoot":true,"height":60},"compId":6,"child":[{"type":"Script","props":{"y":-663,"x":-998,"presetID":2,"linearVelocity":[0],"gravityScale":0,"allowRotation":false,"runtime":"laya.physics.RigidBody"},"compId":10},{"type":"Script","props":{"y":0,"x":0,"width":167,"presetID":3,"height":59,"runtime":"laya.physics.BoxCollider"},"compId":9},{"type":"Script","props":{"presetID":4,"runtime":"script/Item.ts"},"compId":11}],"loadList":["comp/textarea.png"],"loadList3D":[]}