{"type":"Sprite","props":{"y":0,"x":0,"width":59,"var":"s3","texture":"comp/textarea.png","text":"TextArea","presetID":1,"name":"s3","isPresetRoot":true,"height":60},"compId":40,"child":[{"type":"Script","props":{"y":-663,"x":-998,"presetID":2,"linearVelocity":[0],"gravityScale":0,"allowRotation":false,"runtime":"laya.physics.RigidBody"},"compId":41},{"type":"Script","props":{"y":0,"x":0,"width":57,"presetID":3,"height":59,"runtime":"laya.physics.BoxCollider"},"compId":42},{"type":"Script","props":{"presetID":4,"runtime":"script/Item.ts"},"compId":43}],"loadList":["comp/textarea.png"],"loadList3D":[]}