{"type":"Sprite","props":{"y":0,"x":0,"width":500,"var":"umbrella","texture":"comp/雨伞1.png","text":"TextArea","scaleY":0.3,"scaleX":0.3,"presetID":1,"name":"umbrella","isPresetRoot":true,"height":500},"compId":40,"child":[{"type":"Script","props":{"y":-663,"x":-998,"presetID":2,"linearVelocity":[0],"gravityScale":0,"allowRotation":false,"runtime":"laya.physics.RigidBody"},"compId":41},{"type":"Script","props":{"y":7,"x":214,"width":67,"presetID":3,"height":482,"runtime":"laya.physics.BoxCollider"},"compId":42},{"type":"Script","props":{"presetID":4,"runtime":"script/Item.ts"},"compId":43}],"loadList":["comp/雨伞1.png"],"loadList3D":[]}