{"type":"Scene","props":{"x":0,"width":1080,"name":"s1","height":640},"compId":2,"child":[{"type":"Image","props":{"y":0,"x":0,"width":1081,"skin":"comp/地板.png","height":640},"compId":72},{"type":"Sprite","props":{"y":382,"x":238,"width":500,"var":"target","texture":"comp/adminor.png","scaleY":0.3,"scaleX":0.3,"rotation":0,"height":500},"compId":73,"child":[{"type":"Script","props":{"y":119,"x":84,"width":338,"height":230,"runtime":"laya.physics.BoxCollider"},"compId":74},{"type":"Script","props":{"type":"static","runtime":"laya.physics.RigidBody"},"compId":75},{"type":"Script","props":{"runtime":"script/Aid.ts"},"compId":76}]},{"type":"Sprite","props":{"y":81,"x":444,"width":20,"texture":"test/block.png","height":328},"compId":12,"child":[{"type":"Script","props":{"y":0,"x":0,"width":20,"height":327,"runtime":"laya.physics.BoxCollider"},"compId":13},{"type":"Script","props":{"type":"static","runtime":"laya.physics.RigidBody"},"compId":14},{"type":"Sprite","props":{"y":0,"x":602,"width":20,"texture":"test/block.png","height":529},"compId":15,"child":[{"type":"Script","props":{"y":0,"x":0,"width":20,"height":529,"runtime":"laya.physics.BoxCollider"},"compId":16},{"type":"Script","props":{"type":"static","runtime":"laya.physics.RigidBody"},"compId":17}]},{"type":"Sprite","props":{"y":-20,"x":622,"width":20,"texture":"test/block.png","rotation":90,"height":622},"compId":18,"child":[{"type":"Script","props":{"y":0,"x":0,"width":20,"height":622,"runtime":"laya.physics.BoxCollider"},"compId":19},{"type":"Script","props":{"type":"static","runtime":"laya.physics.RigidBody"},"compId":20}]},{"type":"Sprite","props":{"y":308,"x":0,"width":20,"texture":"test/block.png","rotation":90,"height":412},"compId":106,"child":[{"type":"Script","props":{"y":0,"x":0,"width":20,"height":412,"runtime":"laya.physics.BoxCollider"},"compId":107},{"type":"Script","props":{"type":"static","runtime":"laya.physics.RigidBody"},"compId":108},{"type":"Script","props":{"runtime":"script/Table.ts"},"compId":186}]},{"type":"Sprite","props":{"y":508,"x":-394,"width":20,"texture":"test/block.png","rotation":180,"height":192},"compId":103,"child":[{"type":"Script","props":{"y":0,"x":0,"width":20,"height":192,"runtime":"laya.physics.BoxCollider"},"compId":104},{"type":"Script","props":{"type":"static","runtime":"laya.physics.RigidBody"},"compId":105}]},{"type":"Sprite","props":{"y":508,"x":602,"width":20,"texture":"test/block.png","rotation":90,"height":1015},"compId":22,"child":[{"type":"Script","props":{"y":0,"x":0,"width":20,"height":1015,"runtime":"laya.physics.BoxCollider"},"compId":23},{"type":"Script","props":{"type":"static","runtime":"laya.physics.RigidBody"},"compId":24}]}]},{"type":"Sprite","props":{"y":280.5,"x":785,"presetID":1,"name":"bag","width":500,"var":"bag","texture":"comp/大包1.png","text":"TextArea","scaleY":0.4,"scaleX":0.4,"isPresetRoot":true,"height":500},"compId":157,"child":[{"type":"Script","props":{"presetID":2,"y":-663,"x":-998,"linearVelocity":[0],"gravityScale":0,"allowRotation":false,"runtime":"laya.physics.RigidBody"},"compId":41},{"type":"Script","props":{"presetID":3,"y":111,"x":73,"width":348,"height":293,"runtime":"laya.physics.BoxCollider"},"compId":42},{"type":"Script","props":{"presetID":4,"runtime":"script/Item.ts"},"compId":43}]},{"type":"Sprite","props":{"y":179.5,"x":686,"presetID":1,"name":"cup","width":500,"var":"cup","texture":"comp/保温杯1.png","text":"TextArea","scaleY":0.2,"scaleX":0.2,"isPresetRoot":true,"height":500},"compId":158,"child":[{"type":"Script","props":{"presetID":2,"y":54,"x":186,"width":137,"height":391,"runtime":"laya.physics.BoxCollider"},"compId":7},{"type":"Script","props":{"presetID":3,"y":-224,"x":-662,"type":"dynamic","linearVelocity":[0],"gravityScale":0,"angularVelocity":0,"allowRotation":false,"runtime":"laya.physics.RigidBody"},"compId":8},{"type":"Script","props":{"presetID":4,"runtime":"script/Item.ts"},"compId":9}]},{"type":"Sprite","props":{"y":280.5,"x":621,"presetID":1,"name":"plug","width":500,"var":"plug","texture":"comp/充电线.png","text":"TextArea","scaleY":0.3,"scaleX":0.3,"isPresetRoot":true,"height":500},"compId":159,"child":[{"type":"Script","props":{"presetID":2,"y":-663,"x":-998,"linearVelocity":[0],"gravityScale":0,"allowRotation":false,"runtime":"laya.physics.RigidBody"},"compId":10},{"type":"Script","props":{"presetID":3,"y":122,"x":113,"width":299,"height":270,"runtime":"laya.physics.BoxCollider"},"compId":160},{"type":"Script","props":{"presetID":4,"runtime":"script/Item.ts"},"compId":11}]},{"type":"Sprite","props":{"y":85,"x":842,"presetID":1,"name":"handbag","width":500,"var":"handbag","texture":"comp/小包1.png","text":"TextArea","scaleY":0.3,"scaleX":0.3,"isPresetRoot":true,"height":500},"compId":161,"child":[{"type":"Script","props":{"presetID":2,"y":-663,"x":-998,"linearVelocity":[0],"gravityScale":0,"allowRotation":false,"runtime":"laya.physics.RigidBody"},"compId":162},{"type":"Script","props":{"presetID":3,"y":127,"x":71,"width":345,"height":263,"runtime":"laya.physics.BoxCollider"},"compId":163},{"type":"Script","props":{"presetID":4,"runtime":"script/Item.ts"},"compId":164}]},{"type":"Sprite","props":{"y":70,"x":454,"presetID":1,"name":"coat","width":500,"var":"coat","texture":"comp/大衣1.png","text":"TextArea","scaleY":0.4,"scaleX":0.4,"isPresetRoot":true,"height":500},"compId":165,"child":[{"type":"Script","props":{"presetID":2,"y":-663,"x":-998,"linearVelocity":[0],"gravityScale":0,"allowRotation":false,"runtime":"laya.physics.RigidBody"},"compId":166},{"type":"Script","props":{"presetID":3,"y":35,"x":129,"width":268,"height":431,"runtime":"laya.physics.BoxCollider"},"compId":167},{"type":"Script","props":{"presetID":4,"runtime":"script/Item.ts"},"compId":168}]},{"type":"Sprite","props":{"y":367,"x":454,"presetID":1,"name":"luggage","width":500,"var":"luggage","texture":"comp/行李箱1.png","text":"TextArea","scaleY":0.4,"scaleX":0.4,"isPresetRoot":true,"height":500},"compId":169,"child":[{"type":"Script","props":{"presetID":2,"y":-663,"x":-998,"linearVelocity":[0],"gravityScale":0,"allowRotation":false,"runtime":"laya.physics.RigidBody"},"compId":170},{"type":"Script","props":{"presetID":3,"y":141,"x":129,"width":234,"height":327,"runtime":"laya.physics.BoxCollider"},"compId":171},{"type":"Script","props":{"presetID":4,"runtime":"script/Item.ts"},"compId":172},{"type":"Script","props":{"presetID":5,"y":23,"x":199,"width":92,"height":118,"runtime":"laya.physics.BoxCollider"},"compId":45}]},{"type":"Sprite","props":{"y":211,"x":621,"presetID":1,"name":"card","width":500,"var":"card","texture":"comp/身份证1.png","text":"TextArea","scaleY":0.1,"scaleX":0.1,"isPresetRoot":true,"height":500},"compId":173,"child":[{"type":"Script","props":{"presetID":2,"y":-663,"x":-998,"linearVelocity":[0],"gravityScale":0,"allowRotation":false,"runtime":"laya.physics.RigidBody"},"compId":174},{"type":"Script","props":{"presetID":3,"y":111,"x":23,"width":448,"height":293,"runtime":"laya.physics.BoxCollider"},"compId":175},{"type":"Script","props":{"presetID":4,"runtime":"script/Item.ts"},"compId":176}]},{"type":"Sprite","props":{"y":305,"x":535,"presetID":1,"name":"umbrella","width":500,"var":"umbrella","texture":"comp/雨伞1.png","text":"TextArea","scaleY":0.3,"scaleX":0.3,"isPresetRoot":true,"height":500},"compId":177,"child":[{"type":"Script","props":{"presetID":2,"y":-663,"x":-998,"linearVelocity":[0],"gravityScale":0,"allowRotation":false,"runtime":"laya.physics.RigidBody"},"compId":178},{"type":"Script","props":{"presetID":3,"y":7,"x":214,"width":67,"height":482,"runtime":"laya.physics.BoxCollider"},"compId":179},{"type":"Script","props":{"presetID":4,"runtime":"script/Item.ts"},"compId":180}]},{"type":"Label","props":{"y":61,"x":28.4140625,"var":"HP","text":"HP:","fontSize":40},"compId":181},{"type":"Label","props":{"y":129,"x":28.4140625,"text":"Score:","fontSize":40},"compId":182},{"type":"FontClip","props":{"y":179,"x":28.4140625,"var":"score","value":"0","skin":"comp/clip_num.png","sheet":"0123456789"},"compId":184}],"loadList":["comp/地板.png","comp/adminor.png","test/block.png","prefab/bag.prefab","prefab/cup.prefab","prefab/plug.prefab","prefab/handbag.prefab","prefab/coat.prefab","prefab/luggage.prefab","prefab/card.prefab","prefab/umbrella.prefab","comp/clip_num.png"],"loadList3D":[]}