{"type":"Scene","props":{"width":1080,"height":640},"compId":2,"child":[{"type":"Button","props":{"y":483,"x":424,"width":232,"var":"startBtn","skin":"comp/button.png","sizeGrid":"11,11,11,11","labelSize":40,"label":"Start Game","height":62},"compId":3},{"type":"Label","props":{"y":104,"x":98,"wordWrap":true,"width":872,"var":"intro","styleSkin":"comp/label.png","overflow":"scroll","height":337,"fontSize":30,"color":"#ffffff"},"compId":4}],"loadList":["comp/button.png","comp/label.png"],"loadList3D":[]}